claim_id	claim	manuscript_location	evidence_type	source	verification_status
C1	Late network learns the fixed novel probe worse than early (both conditions, all 3 seeds); phenomenon ESTABLISHED by pre-declared rule	abstract; intro bullet 1; Sec 6.1; Tab phenomenon; Fig curves	experiment (synthetic, 3 seeds, 1 probe/condition)	runs/p4_stage1_0404c14/manifest.json results.phenomenon.*.adam.seeds[s].probes.{late,early}.probe_auc_acc; results.verdicts.*.phenomenon; macros RT/LPLateMinusEarlyAuc*	VERIFIED_FROM_RAW (exporter)
C2	Probe batches/masks identical across fresh/early/late	Sec 4 probe protocol	runtime check	manifest results.phenomenon.*.*.seeds[s].paired_batches_and_masks	VERIFIED_FROM_RAW
C3	Gap also present with tuned beta1=beta2=0.9 Adam and SGD	Sec 6.1	experiment (descriptive)	manifest results.phenomenon.*.{adam_eqbeta,sgd}; macros *AdamEqBetaLateMinusEarlyAuc, *SgdLateMinusEarlyAuc	VERIFIED_FROM_RAW
C4	Fresh optimizer state on late weights (reset_both decoupled) does not recover the gap	abstract; Sec 6.2	experiment	manifest results.interventions.*.seeds[s].probes.{reset_both,keep_all}; macros *ResetBothVsKeep	VERIFIED_FROM_RAW
C5	reset_both decoupled == new torch.optim.Adam; reset_t == zero torch step; shared_keep == zero exp_avg*	Sec 5; App A	implementation test	tests/test_torch_parity.py::test_stock_equivalents; runs/test_logs/unittest_ef70bd0_venv.log	TEST_PASS (not proof)
C6	reset_m exceeds its update-norm control by < MIE 0.02 (no support for >=0.02 extra benefit); RT residual positive on all seeds, not claimed zero	abstract; Sec 6.2; discussion	experiment	manifest results.verdicts.*.per_intervention.reset_m; macros *ResetMVsCtrl*	VERIFIED_FROM_RAW
C7	With eps=0, changing only the counter scales the whole update by kappa(r,t) (global scalar); with eps>0 coordinate-dependent	Sec 5 Eq ratio	algebra (elementary, from Adam update; not new)	derivation in Sec 5; counterexample App B	DERIVED; counterexample PENDING (v0)
C8	0.3162 is the r=1, t->inf approximation of kappa; finite-age factor a_t/sqrt(b_t)	Sec 5; App G	algebra	Sec 5	DERIVED; supersedes docs/STAGE1_REPORT.md wording (correction logged)
C9	With eps=0, reset_t == keep_all with LR multiplier kappa(k,t+k); per-tensor norm control reproduces it	Sec 5 (i); Sec 6.2	algebra + experiment	Sec 5; manifest *.ResetTVsCtrl (+0.000 table value)	DERIVED; raw-precision check PENDING (v0)
C10	Shared-keep reset_both == fresh-state Adam with LR multiplier 1/kappa(k,t+k) when eps=0	Sec 5 (ii); Sec 6.2	algebra	Sec 5	DERIVED; no LR-matched run (NOT RUN)
C11	Exactly corrected reset_v can give unbounded |u_i| = alpha |m_hat|/(|g|+eps)	Sec 5 Eq resetv	algebra	Sec 5	DERIVED
C12	reset_v first-10-step update norm ~16 (RT) / ~330 (LP) vs ~0.03 keep_all	Sec 6.2	experiment	manifest results.interventions.*.seeds[s].probes.reset_v.update_norm_first10	VERIFIED_FROM_RAW; coordinate attribution CHECKPOINT_TRACE_UNAVAILABLE
C13	Largest gains from mis-corrected reset_both (shared_keep); not attributed fully to LR (no LR-matched control)	abstract; Sec 6.2; discussion	experiment	manifest *.ResetBothSharedKeepVsKeep, *UpdTen	VERIFIED_FROM_RAW
C14	CKA/parameter distance descriptive only; no frozen-feature claim	Sec 6.2; App E	experiment (descriptive)	manifest *.theta_rel_change_end, cka_to_start_end	VERIFIED_FROM_RAW
C15	Prior work facts (Adam default betas worsen LoP; Asadi reset; Ellis t-reset & LR-schedule link; Lyle toy-RL negative; etc.)	Sec 1-2	literature	../PRIOR_ART.md (verification levels per source)	FULL_TEXT_VERIFIED by AI subagent except where marked; HUMAN_REVIEW_PENDING
C16	Torch parity max rel diffs	App A	measurement	runs/p4_stage1/torch_parity_measured.txt	VERIFIED_FROM_RAW
C17	Run resources, cells, hashes	Sec 4; reproducibility	manifest	manifest cpu_seconds_used, cells, config_sha256, code_sha256	VERIFIED_FROM_RAW
